epoch,loss
1.0,10.697210082199039
2.0,3.372411236289281
3.0,3.1603537942000752
4.0,3.0594430071763212
5.0,2.89433801422634
6.0,2.7630128965733443
7.0,2.653373272504896
8.0,2.5594642855087044
9.0,2.4790027274481026
10.0,2.4086599051595745
11.0,1.9602176006486856
12.0,1.7840682833105497
13.0,1.608723205033572
