epoch,loss
1.0,11.349201412673304
2.0,3.45512264355078
3.0,3.26552374171534
4.0,3.1851398152072297
5.0,3.04501232526324
6.0,2.9427042654464
7.0,2.85782025208373
8.0,2.78615043973067
9.0,2.7395795710149504
10.0,2.69699664740233
11.0,2.2908802802761423
12.0,2.155956546378199
13.0,2.010101286389988
