epoch,loss
1,11.1176835441682
2,3.38073758479711
3,3.24116326911038
4,3.20593643926921
5,3.10251052247909
6,3.03777814840962
7,2.97836599712231
8,2.9847921716797
9,2.98146531477382
10,2.94845049911038
11,2.49042228152959
12,2.34883343734545
13,2.19758765623502
